Workbook

Sheet PR RR QD02 LT14
A1: MDN PORTO SOLUÇÕES CONDOMINIAIS | G1: FATURA | J1: Paulo Sergio Smaniotto
A2: RUA JOAQUIM LOPES, 117 - SALA 02 | J2: Rodrigo Store
A3: PORTO RICO-PR | J3: Alberto K. Y. Kawata
F4: FATURA nº | H4: DATA DE EMISSÃO
F5: 1185 | H5: 46204
A7: DADOS DO IMÓVEL | F7: QTDE COTAS | H7: VENCTO BOLETO
A8: MONDONEX - PR RR QD 02 LT 14 | F8: 3 | H8: 46218
A9: CONDOMÍNIO PORTO RICO RESORT
A10: PORTO RICO - PR
A12: DESCRIÇÃO | F12: QTD | G12: PREÇO UNITÁRIO | H12: QUANTIDADE | I12: valores fixos
A13: TAXA DE ADMINISTRAÇÃO | F13: 3 | G13: 659.45 | H13: =IF(F13="",ROUND(1*G13,2),ROUND(F13*G13,2)) -> 1978.35
A14: MANUTENÇÃO LIMPEZA | F14: 3 | G14: 535.67 | H14: =IF(F14="",ROUND(1*G14,2),ROUND(F14*G14,2)) -> 1607.01
A15: MANUTENÇÃO PISCINA | F15: 3 | G15: 103.66 | H15: =IF(F15="",ROUND(1*G15,2),ROUND(F15*G15,2)) -> 310.98
A16: MANUTENÇÃO JARDIM | F16: 3 | G16: 56.54 | H16: =IF(F16="",ROUND(1*G16,2),ROUND(F16*G16,2)) -> 169.62 | J16: COTA A: R$ | K16: Serviços MDN
A17: GAS | F17: 3 | G17: 0 | H17: =IF(F17="",ROUND(1*G17,2),ROUND(F17*G17,2)) -> 0 | J17: COTA B : R$
A18: SERVIÇOS MDN | F18: 3 | G18: 226.7 | H18: =IF(F18="",ROUND(1*G18,2),ROUND(F18*G18,2)) -> 680.1 | J18: COTA C: R$
A19: REPOSIÇÃO DE ITEM | F19: 1 | G19: 923.74 | H19: =IF(F19="",ROUND(1*G19,2),ROUND(F19*G19,2)) -> 923.74
A20: PRODUTOS LIMPEZA | F20: 1 | G20: 381.6 | H20: =IF(F20="",ROUND(1*G20,2),ROUND(F20*G20,2)) -> 381.6 | J20: COTA A: R$ 674,58 | K20: Reposição de itens
A21: TAXA ASSEMBLEIA | F21: 3 | G21: 0 | H21: =IF(F21="",ROUND(1*G21,2),ROUND(F21*G21,2)) -> 0 | J21: COTA B : R$ 124,58
H22: =IF(F22="",ROUND(1*G22,2),ROUND(F22*G22,2)) -> 0 | J22: COTA C: R$ 124,58
H23: =IF(F23="",ROUND(1*G23,2),ROUND(F23*G23,2)) -> 0
H24: =IF(F24="",ROUND(1*G24,2),ROUND(F24*G24,2)) -> 0 | J24: COTA A: R$ 368,14 | K24: Produtos de Limpeza
H25: =IF(F25="",ROUND(1*G25,2),ROUND(F25*G25,2)) -> 0 | J25: COTA B : R$ 6,73
H26: =IF(F26="",ROUND(1*G26,2),ROUND(F26*G26,2)) -> 0 | J26: COTA C: R$ 6,73
H27: =IF(F27="",ROUND(1*G27,2),ROUND(F27*G27,2)) -> 0
A28: OBS: Fatura referente N.F. n° | F28: SUBTOTAL | H28: =SUM(H13:H27) -> 6051.4
H30: =H28*H29 -> 0
F31: TOTAL | H31: =H28+H30 -> 6051.4
A34: Caso tenha dúvidas em relação a esta fatura, entre em contato com
A35: MDN SERVIÇOS CONDOMINIAIS

Sheet PR RR QD 23 LT 14
A1: MDN PORTO SOLUÇÕES CONDOMINIAIS | C1: FATURA | F1: Unidade | G1: Bloco | H1: Data de Referência | I1: Valor | J1: Conta Categoria | K1: Complemento da Conta | L1: Tipo da cobrança
A2: RUA JOAQUIM LOPES, 117 - SALA 02 | F2: A | H2: 46188 | I2: 125 | J2: 1.4.12 - Energia - CI | K2: 07/5/2026 a 14/06/2026
A3: PORTO RICO-PR | F3: B | H3: 46188 | I3: 128 | J3: 1.4.12 - Energia - CI | K3: 01/5/2026 a 07/06/2026
B4: FATURA nº | D4: DATA DE EMISSÃO | F4: C | H4: 46188 | I4: 55 | J4: 1.4.12 - Energia - CI | K4: 021/5/2026 a 28/06/2026
B5: 1195 | D5: 46188 | F5: A | H5: 46188 | I5: 125 | J5: 2.4.2.20 - - Serviços Prestados - CI | K5: Rep. Pulseira
F6: B | H6: 46188 | I6: 128 | J6: 2.4.2.20 - - Serviços Prestados - CI | K6: Rep. Pulseira
A7: DADOS DO IMÓVEL | B7: QTDE COTAS | D7: VENCTO BOLETO | F7: C | H7: 46188 | I7: 55 | J7: 2.4.2.20 - - Serviços Prestados - CI | K7: Rep. Pulseira
A8: MONDONEX - PR RR QD 23 LT 14 | B8: 3 | D8: 46218
A9: CONDOMÍNIO PORTO RICO RESORT
A10: PORTO RICO - PR
A12: DESCRIÇÃO | B12: Cota / Rateio | C12: PREÇO UNITÁRIO | D12: QUANTIDADE
A13: TAXA DE ADMINISTRAÇÃO | B13: Rateio | C13: 725.4 | D13: =ROUND(IF(C13="",0,IF(B13="Rateio",C13/B$8,C13)),2) -> 241.8
A14: MANUTENÇÃO LIMPEZA | B14: Rateio | C14: 1016.95 | D14: =ROUND(IF(C14="",0,IF(B14="Rateio",C14/B$8,C14)),2) -> 338.98
A15: MANUTENÇÃO PISCINA | B15: Rateio | C15: 115 | D15: =ROUND(IF(C15="",0,IF(B15="Rateio",C15/B$8,C15)),2) -> 38.33
A16: MANUTENÇÃO JARDIM | B16: Rateio | C16: 62.2 | D16: =ROUND(IF(C16="",0,IF(B16="Rateio",C16/B$8,C16)),2) -> 20.73
A17: GAS | B17: Rateio | C17: 0 | D17: =ROUND(IF(C17="",0,IF(B17="Rateio",C17/B$8,C17)),2) -> 0
A18: TAXA ASSEMBLEIA | B18: Rateio | C18: 501.1 | D18: =ROUND(IF(C18="",0,IF(B18="Rateio",C18/B$8,C18)),2) -> 167.03
A19: SERVIÇOS MDN | B19: A | C19: 65 | D19: =ROUND(IF(C19="",0,IF(B19="Rateio",C19/B$8,C19)),2) -> 65
A20: SERVIÇOS MDN | B20: B | C20: 90 | D20: =ROUND(IF(C20="",0,IF(B20="Rateio",C20/B$8,C20)),2) -> 90
A21: SERVIÇOS MDN | B21: C | C21: 100 | D21: =ROUND(IF(C21="",0,IF(B21="Rateio",C21/B$8,C21)),2) -> 100
A22: REPOSIÇÃO DE ITEM | B22: A | C22: 20 | D22: =ROUND(IF(C22="",0,IF(B22="Rateio",C22/B$8,C22)),2) -> 20
A23: REPOSIÇÃO DE ITEM | B23: B | C23: 15 | D23: =ROUND(IF(C23="",0,IF(B23="Rateio",C23/B$8,C23)),2) -> 15
A24: REPOSIÇÃO DE ITEM | B24: C | C24: 10 | D24: =ROUND(IF(C24="",0,IF(B24="Rateio",C24/B$8,C24)),2) -> 10
... A27: PRODUTOS LIMPEZA | B27: C | C27: 80 | D27: =ROUND(IF(C27="",0,IF(B27="Rateio",C27/B$8,C27)),2) -> 80
D28: =IF(B28="",ROUND(1*C28,2),ROUND(B28*C28,2)) -> 0
D29: =IF(B29="",ROUND(1*C29,2),ROUND(B29*C29,2)) -> 0
B30: SUBTOTAL | D30: =SUM(D13:D29) -> 1266.87 | H30: Total C.I | I30: =SUM(I2:I29) -> 616
D32: =D30*D31 -> 0
B33: TOTAL | D33: =D30+D32 -> 1266.87 | H33: Total Cota A | I33: =SUM(D13:D18)+SUMIF(B19:B27,"A",D19:D27)+SUMIF(F2:F29,"A",I2:I29) -> 1166.87
H34: Total Cota B | I34: =SUM(D13:D18)+SUMIF(B19:B27,"B",D19:D27)+SUMIF(F2:F29,"B",I2:I29) -> 1222.87
H35: Total Cota C | I35: =SUM(D13:D18)+SUMIF(B19:B27,"C",D19:D27)+SUMIF(F2:F29,"C",I2:I29) -> 1106.87
H36: Total | I36: =SUM(I33:I35) -> 3496.61

Sheet Plano de conta
A1: 2.4.1.3 - - Gás - CI
A3: 2.4.2 - - Contas de Servicos Individuais
A4: 2.4.2.1 - - Consumo Resort - CI
A5: 2.4.2.15 - - Consumo Mondonex - CI
A6: 2.4.2.20 - - Serviços Prestados - CI
A7: 2.4.2.21 - - Festa Julina - CI
A8: 2.4.2.60 - Outros
A10: 2.4.60 - Outros
A12: 2.6 - - Documentos Patrimoniais
A13: 2.6.1 - - IPTU
A14: 2.6.60 - Outros
A16: 2.7 - - Segurança Patrimonial Terceirizada
... A25: 2.999999 - - Não categorizado

Sheet TOTALIZADOR
A1: RESUMO DA COBRANÇA:
A3: data emissão | B3: 46204
A4: data vencimento | B4: 46218
A7: =+'[1]PR PC 303A'!A13 -> #REF! | B7: ='PR RR QD 23 LT 14'!D13 -> 241.8
A8: MANUTENÇÃO LIMPEZA | B8: ='PR RR QD 23 LT 14'!D14 -> 338.98
A9: MANUTENÇÃO PISCINA | B9: ='PR RR QD 23 LT 14'!D15 -> 38.33
A10: MANUTENÇÃO JARDIM | B10: ='PR RR QD 23 LT 14'!D16 -> 20.73
A11: GAS | B11: ='PR RR QD 23 LT 14'!D17 -> 0
A12: SERVIÇOS MDN | B12: ='PR RR QD 23 LT 14'!D19 -> 65
A13: REPOSIÇÃO DE ITENS | B13: ='PR RR QD 23 LT 14'!D21 -> 100
A14: PRODUTOS LIMPEZA | B14: ='PR RR QD 23 LT 14'!D22 -> 20
A15: TAXA ASSEMBLEIA | B15: ='PR RR QD 23 LT 14'!D23 -> 15
A16: LIMPEZA EXPRESS | B16: ='PR RR QD 23 LT 14'!D24 -> 10
A17: totalizador | B17: =SUM(B7:B16) -> 849.84
